[{"@type":"mtTask","id":"@1","name":"mpt_Accnt_Details","description":"","runtimeEnvironmentId":"@bQeW1hziD8peJKSSnzpgQX","maxLogs":10,"verbose":false,"lastRunTime":1632303393000,"mappingId":"@8W0Knbuvc99iyhMEHqqCoK","shortDescription":"","sessionPropertiesList":[{"name":"Session Log File Name","value":"mpt_ACCNT_DETAILS.log","recommended":false}],"enableCrossSchemaPushdown":true,"enableParallelRun":false,"autoTunedApplied":false,"autoTunedAppliedType":"NONE","paramFileType":"PARAM_FILE_LOCAL","schemaMode":"async","parameterFileEncoding":"UTF-8","serverlessProperties":{},"taskProperties":[{"@type":"taskProperty","name":"parameterFileDir","currentValue":"","type":"STRING","label":"label.parameterFileDir","required":false},{"@type":"taskProperty","name":"parameterFileName","currentValue":"","type":"STRING","label":"label.parameterFileName","required":false}],"parameters":[{"@type":"mtTaskParameter","id":357558901,"name":"$src_LoanAccounts$","type":"SOURCE","label":"src_LoanAccounts","uiProperties":{"connectionParameterized":"false","objectParameterized":"false","visible":"false"},"sourceConnectionId":"@2UoLaWMyDH5d8YmAM6RKUL","sourceObject":"DUMMY_src_LoanAccounts","newFlatFile":false,"newObject":false,"showBusinessNames":false,"naturalOrder":true,"truncateTarget":false,"bulkApiDBTarget":false,"customFuncCfg":{"@type":"customFuncConfig","id":-1,"connections":[],"inputMap":[],"outputFields":[]},"tgtFieldRefs":{},"targetUpdateColumns":[],"runtimeAttrs":{},"isRESTModernSource":true,"customQuery":"select AC_OPEN_DATE, PRODUCT_CODE, PRODUCT_DESC, AC_CLASS_TYPE, ACC_STMT_CYCLE, \"STATEMENT_CALC_DAYS\", \"CHEQUE_BOOK_FACILITY\", \"STATUS\", \"AC_STAT_FROZEN\", \"OVERDRAFT_FACILITY\", \"AC_STAT_DORMANT\", \"CUST_ALT_AC_NO\", \"CURRENT_BAL\", \"AVAILABLE_BAL\", \"TOTAL_AVAILABLE_BAL\", \"LCY_CURR_BALANCE\", \"CURRENT_LIMIT\", \"LIMIT_START_DATE\", \"LIMIT_END_DATE\", \"ACCNT_REPAYMENT_AMOUNT\", \"ACCNT_REPAYMENT_FREQUENCY\", \"ACCNT_TERM_LENGTH\", \"ACCNT_REMAINING_TERM\", \"CUSTOMER_SECTOR\", \"FREE_BANKING\", sum(MMF_DUE) MMF_DUE, \"VAT_NUMBER\", \"ACCOUNT_TURNOVER\", \"ACCNT_CLOSE_DATE\", \"CUST_ACCT_NO\", \"CUST_NO\", \"INT_START_DATE\", \"MATURITY_DATE\", \"TD_PRINCIPLE_BALANCE\", \"AMOUNT_FINANCED\", \"INT_RATE\", \"END_DATE\", \"SOURCE_SYSTEM\", \"SIGN_ON_MSG\", \"INTEREST_RATE_EFFECTIVE_DATE\", \"INTEREST_RATE_TYPE\", \"MLR\" from\n (SELECT LA.ORIGINAL_START_DATE AC_OPEN_DATE ,\n  LA.PRODUCT_CODE PRODUCT_CODE ,\n  CAO.AC_DESC PRODUCT_DESC ,\n  SUBSTR(LA.LENDING_TYPE,1,1) AS AC_CLASS_TYPE ,\n  CAS.FREQUENCY               AS ACC_STMT_CYCLE ,\n  NULL                        AS STATEMENT_CALC_DAYS ,\n  NULL                        AS CHEQUE_BOOK_FACILITY ,\n  DECODE(LA.ACCOUNT_STATUS,'A','O','C') STATUS ,\n  NULL AS AC_STAT_FROZEN ,\n  NULL AS OVERDRAFT_FACILITY ,\n  NULL AS AC_STAT_DORMANT ,\n  LA.ALT_ACC_NO CUST_ALT_AC_NO ,\n  case when SMRY.ACCOUNT_STATUS='V' then 0 else LA.OUTSTANDING_PRINCIPAL  end  \n as CURRENT_BAL,\n  NULL               AS AVAILABLE_BAL ,\n  NULL               AS TOTAL_AVAILABLE_BAL ,\n  NULL               AS LCY_CURR_BALANCE ,\n  LA.AMOUNT_FINANCED AS CURRENT_LIMIT ,\n  NULL               AS LIMIT_START_DATE ,\n  NULL               AS LIMIT_END_DATE ,\n  LA.GROSS_NEXT_REPAY_AMT_DUE ACCNT_REPAYMENT_AMOUNT ,\n  LA.REPAYMENT_FREQUENCY ACCNT_REPAYMENT_FREQUENCY ,\n  AAM.NO_OF_INSTALLMENTS AS ACCNT_TERM_LENGTH ,  FLOOR(MONTHS_BETWEEN(AAM.MATURITY_DATE, SYSDATE)) ACCNT_REMAINING_TERM ,\n  acc.CUSTOMER_SECTOR CUSTOMER_SECTOR,\n  ACC.FREE_BANKING FREE_BANKING ,\n  acc.MMF_DUE MMF_DUE,\n  NULL AS VAT_NUMBER ,\n  NULL AS ACCOUNT_TURNOVER ,\n  CASE LA.ACCOUNT_STATUS\n       WHEN 'A' THEN NULL\n\t   ELSE LA.MATURITY_DATE\n  END ACCNT_CLOSE_DATE,\n  LA.ACCOUNT_NUMBER CUST_ACCT_NO ,\n  LA.CUSTOMER_ID CUST_NO ,\n  NULL                  AS INT_START_DATE ,\n  NULL                  AS MATURITY_DATE ,\n  NULL                  AS TD_PRINCIPLE_BALANCE ,\n  AAM.AMOUNT_FINANCED   AS AMOUNT_FINANCED ,\n  IR.INTEREST_RATE      AS INT_RATE ,\n  AM.MATURITY_DATE      AS END_DATE ,\n  'FLEXCUBE'            AS SOURCE_SYSTEM,\n  NULL                  AS SIGN_ON_MSG,\n  IR.EFFECTIVE_DATE     AS INTEREST_RATE_EFFECTIVE_DATE,\n  IR.INTEREST_RATE_TYPE,\n  IR.MLR\nFROM wbl_loan_accounts LA ,\n  CLTB_ACCOUNT_APPS_MASTER AAM ,\n  WBL_MMF_CHARGES acc,\n  WBL_LOAN_INTEREST_RATE_TYPE lirt,\n  CLTB_ACCOUNT_MASTER am,\n  CLTB_ACCOUNT_STATEMENT CAS,\n  CLTB_ACCOUNT_MASTER_SMRY SMRY,\n  CLTM_ACCOUNT_ORIGIN CAO,\n  (\n  SELECT A.ACCOUNT_NUMBER, A.EFFECTIVE_DATE, A.RESOLVED_VALUE as INTEREST_RATE, \nCASE\n          WHEN A.RATE_CODE = 'BASE_RATE'  THEN 'Variable'\n          WHEN A.RATE_CODE IS NULL  THEN 'Fixed' END\nas INTEREST_RATE_TYPE, NVL(Q2.MLR,0) AS MLR\nFROM CLTB_ACCOUNT_UDE_VALUES a\n   , (\nSELECT CAUV.ACCOUNT_NUMBER,\n        MAX (CAUV.EFFECTIVE_DATE) as EFFECTIVE_DATE\nFROM CLTB_ACCOUNT_UDE_VALUES CAUV\nwhere CAUV.UDE_ID = 'INTEREST_RATE'\nGROUP BY\nCAUV.ACCOUNT_NUMBER        ) q1\n        , (\nSELECT  c.ACCOUNT_NUMBER, c.UDE_VALUE as MLR\n  FROM CLTB_ACCOUNT_UDE_VALUES c\n    , (\nSELECT CAUV.ACCOUNT_NUMBER,\n       MAX (CAUV.EFFECTIVE_DATE) as EFFECTIVE_DATE\nFROM CLTB_ACCOUNT_UDE_VALUES CAUV\nwhere CAUV.UDE_ID = 'MLR'\nGROUP BY\nCAUV.ACCOUNT_NUMBER\n    ) i1\n    WHERE c.ACCOUNT_NUMBER = i1.ACCOUNT_NUMBER\n      AND c.EFFECTIVE_DATE = i1.EFFECTIVE_DATE\n      AND c.UDE_ID = 'MLR'\n   ) q2\nWHERE q1.ACCOUNT_NUMBER = A.ACCOUNT_NUMBER\nAND q1.EFFECTIVE_DATE = A.EFFECTIVE_DATE\nAND a.UDE_ID = 'INTEREST_RATE'\nAND A.ACCOUNT_NUMBER = q2.ACCOUNT_NUMBER (+)\n  )IR\nWHERE LA.ACCOUNT_NUMBER = AAM.ACCOUNT_NUMBER(+)\nAND LA.ACCOUNT_NUMBER   = Acc.ACC_NUMBER(+)\nAND LA.ACCOUNT_NUMBER   = lirt.ACCOUNT_NUMBER(+)\nAND LA.ACCOUNT_NUMBER   = AM.ACCOUNT_NUMBER(+)\nAND LA.ACCOUNT_NUMBER   = CAS.ACCOUNT_NUMBER(+)\nAND LA.ACCOUNT_NUMBER   = CAO.ACCOUNT_NUMBER (+)\nAND LA.ACCOUNT_NUMBER   = IR.ACCOUNT_NUMBER (+)\nAND LA.ACCOUNT_NUMBER   = SMRY.ACCOUNT_NUMBER (+)\nAND LA.lending_type    <> 'Commitment')\ngroup by AC_OPEN_DATE, PRODUCT_CODE, PRODUCT_DESC, AC_CLASS_TYPE, ACC_STMT_CYCLE, \"STATEMENT_CALC_DAYS\", \"CHEQUE_BOOK_FACILITY\", \"STATUS\", \"AC_STAT_FROZEN\", \"OVERDRAFT_FACILITY\", \"AC_STAT_DORMANT\", \"CUST_ALT_AC_NO\", \"CURRENT_BAL\", \"AVAILABLE_BAL\", \"TOTAL_AVAILABLE_BAL\", \"LCY_CURR_BALANCE\", \"CURRENT_LIMIT\", \"LIMIT_START_DATE\", \"LIMIT_END_DATE\", \"ACCNT_REPAYMENT_AMOUNT\", \"ACCNT_REPAYMENT_FREQUENCY\", \"ACCNT_TERM_LENGTH\", \"ACCNT_REMAINING_TERM\", \"CUSTOMER_SECTOR\", \"FREE_BANKING\", \"VAT_NUMBER\", \"ACCOUNT_TURNOVER\", \"ACCNT_CLOSE_DATE\", \"CUST_ACCT_NO\", \"CUST_NO\", \"INT_START_DATE\", \"MATURITY_DATE\", \"TD_PRINCIPLE_BALANCE\", \"AMOUNT_FINANCED\", \"INT_RATE\", \"END_DATE\", \"SOURCE_SYSTEM\", \"SIGN_ON_MSG\", \"INTEREST_RATE_EFFECTIVE_DATE\", \"INTEREST_RATE_TYPE\", \"MLR\"","isFileList":false,"handleSpecialChars":false,"frsAsset":false,"dynamicFileName":false,"currentlyProcessedFileName":false,"objectName":"DUMMY_src_LoanAccounts","tgtObjectAttributes":{},"runtimeParameterData":{"@type":"mtTaskRuntimeParameterData","isConnectionRuntimeParameter":false,"isObjectRuntimeParameter":false},"overriddenFields":[]},{"@type":"mtTaskParameter","id":357558904,"name":"$src_NonLoanAccounts$","type":"SOURCE","label":"src_NonLoanAccounts","uiProperties":{"connectionParameterized":"false","objectParameterized":"false","visible":"false"},"sourceConnectionId":"@2UoLaWMyDH5d8YmAM6RKUL","sourceObject":"DUMMY_src_NonLoanAccounts","newFlatFile":false,"newObject":false,"showBusinessNames":false,"naturalOrder":true,"truncateTarget":false,"bulkApiDBTarget":false,"customFuncCfg":{"@type":"customFuncConfig","id":-1,"connections":[],"inputMap":[],"outputFields":[]},"tgtFieldRefs":{},"targetUpdateColumns":[],"runtimeAttrs":{},"isRESTModernSource":true,"customQuery":"select AC_OPEN_DATE, PRODUCT_CODE, PRODUCT_DESC, AC_CLASS_TYPE, ACC_STMT_CYCLE, \"STATEMENT_CALC_DAYS\", \"CHEQUE_BOOK_FACILITY\", \"STATUS\", \"AC_STAT_FROZEN\", \"OVERDRAFT_FACILITY\", \"AC_STAT_DORMANT\", \"CUST_ALT_AC_NO\", \"CURRENT_BAL\", \"AVAILABLE_BAL\", \"TOTAL_AVAILABLE_BAL\", \"LCY_CURR_BALANCE\", \"CURRENT_LIMIT\", \"LIMIT_START_DATE\", \"LIMIT_END_DATE\", \"ACCNT_REPAYMENT_AMOUNT\", \"ACCNT_REPAYMENT_FREQUENCY\", \"ACCNT_TERM_LENGTH\", \"ACCNT_REMAINING_TERM\", \"CUSTOMER_SECTOR\", \"FREE_BANKING\", sum(MMF_DUE) MMF_DUE, \"VAT_NUMBER\", \"ACCOUNT_TURNOVER\", \"ACCNT_CLOSE_DATE\", \"CUST_ACCT_NO\", \"CUST_NO\", \"INT_START_DATE\", \"MATURITY_DATE\", \"TD_PRINCIPLE_BALANCE\", \"AMOUNT_FINANCED\", \"INT_RATE\", \"END_DATE\", \"SOURCE_SYSTEM\", \"SIGN_ON_MSG\", \"INTEREST_RATE_EFFECTIVE_DATE\", \"INTEREST_RATE_TYPE\", \"MLR\" from\n (SELECT CA.AC_OPEN_DATE AC_OPEN_DATE ,\n  CA.ACCOUNT_CLASS PRODUCT_CODE ,\n  CA.AC_DESC PRODUCT_DESC ,\n  CA.ACCOUNT_TYPE AC_CLASS_TYPE ,\n  CA.AC_STMT_CYCLE ACC_STMT_CYCLE ,\n  CA.AC_STMT_DAY STATEMENT_CALC_DAYS ,\n  CA.CHEQUE_BOOK_FACILITY CHEQUE_BOOK_FACILITY ,\n  CA.RECORD_STAT STATUS ,\n  CA.AC_STAT_FROZEN AC_STAT_FROZEN ,\n  AC.OVERDRAFT_FACILITY OVERDRAFT_FACILITY ,\n  CA.AC_STAT_DORMANT AC_STAT_DORMANT ,\n  CA.ALT_AC_NO CUST_ALT_AC_NO ,\n  CA.ACY_CURR_BALANCE CURRENT_BAL ,\n  CASE\n      WHEN CA.CCY = 'GBP'\n\t  THEN CA.ACY_AVL_BAL\n\t  WHEN CA.CCY <> 'GBP'\n\t  THEN round(CA.ACY_AVL_BAL / CR.MID_RATE,2)\n  END AS AVAILABLE_BAL ,\n  CASE WHEN CA.CCY = 'GBP'\n       THEN (CA.LCY_CURR_BALANCE + nvl(CF.LIMIT_AMOUNT,0))\n       WHEN CA.CCY <> 'GBP'\n\t   THEN (CA.LCY_CURR_BALANCE + round(nvl(CF.LIMIT_AMOUNT,0) / CR.MID_RATE,2))\n  END AS TOTAL_AVAILABLE_BAL,\n  CA.LCY_CURR_BALANCE LCY_CURR_BALANCE ,\n  CASE\n      WHEN CA.CCY = 'GBP'\n\t  THEN nvl(CF.LIMIT_AMOUNT,0)\n\t  WHEN CA.CCY <> 'GBP' and CF.LIMIT_AMOUNT IS NOT NULL\n\t  THEN round(CF.LIMIT_AMOUNT / CR.MID_RATE,2)\n\t  ELSE nvl(CF.LIMIT_AMOUNT,0)\n  END AS CURRENT_LIMIT ,\n  CF.LINE_START_DATE LIMIT_START_DATE ,\n  CF.LINE_EXPIRY_DATE LIMIT_END_DATE ,\n  NULL AS ACCNT_REPAYMENT_AMOUNT ,\n  NULL AS ACCNT_REPAYMENT_FREQUENCY ,\n  NULL AS ACCNT_TERM_LENGTH ,\n  NULL AS ACCNT_REMAINING_TERM ,\n  acc.CUSTOMER_SECTOR CUSTOMER_SECTOR,\n  ACC.FREE_BANKING FREE_BANKING,\n  acc.MMF_DUE MMF_DUE,\n  CSTMS.VAT_NO VAT_NUMBER ,\n  CSTMS.ACCOUNT_TURNOVER ACCOUNT_TURNOVER ,\n  CASE\n    WHEN CA.RECORD_STAT ='C'\n    THEN CA.CHECKER_DT_STAMP\n  END ACCNT_CLOSE_DATE,\n  CA.CUST_AC_NO CUST_ACCT_NO ,\n  CA.CUST_NO CUST_NO ,\n  IA.INT_START_DATE ,\n  IA.MATURITY_DATE ,\n  CAST(TD.FIELD_VAL_3 AS NUMBER) TD_PRINCIPLE_BALANCE ,\n  NULL       AS AMOUNT_FINANCED ,\n  INT_RATE.Interest_rate       AS INT_RATE ,\n  NULL       AS END_DATE ,\n  'FLEXCUBE' AS SOURCE_SYSTEM,\n  SM.ACC_MSG AS SIGN_ON_MSG,\n  NULL AS INTEREST_RATE_EFFECTIVE_DATE,\n  NULL AS INTEREST_RATE_TYPE,\n  case when INT_RATE.AUTH_MLR_RATE is not null then INT_RATE.AUTH_MLR_RATE else 0 end  AS MLR\nFROM STTM_CUST_ACCOUNT CA ,\n  STTM_ACCOUNT_CLASS AC ,\n  FCUBSWBRPT.WBL_CUST_FACILTIY CF ,\n  (SELECT SUBSTR(REC_KEY,5,8) AS CUST_AC_NO ,\n    FIELD_VAL_16              AS VAT_NO,\n    TO_NUMBER(FIELD_VAL_19)   AS ACCOUNT_TURNOVER\n  FROM CSTMS_FUNCTION_USERDEF_FIELDS\n  WHERE FUNCTION_ID = 'STDCUSAC'\n  ) CSTMS ,\n  STTM_CUST_ACCOUNT_CUSTOM CAC ,\n  ICTM_ACC IA ,\n  WBL_TD_AMOUNT TD,\n  WBL_MMF_CHARGES acc,\n  STTM_CUSTOMER C,\n  (SELECT\n   CCY1 ,\n   CCY2 ,\n   MID_RATE\n   from\n   (select\n    CCY1 ,\n    CCY2 ,\n    MID_RATE ,\n    RATE_DT_STAMP,\n    RATE_DATE,\n    rank() over (partition by CCY1, CCY2 order by RATE_DT_STAMP desc) as rate_rank\n    from  CYTB_RATES_HISTORY\n    where CCY1 = 'GBP')\n   where rate_rank = 1 ) CR,\n   SVTM_ACC_SIG_MASTER SM,\n   (select acc, max(ude_value) as Interest_rate,\nNvl(SUM(Decode(ude_id, 'DR_MLR_RATE', ude_value)), 0) AUTH_MLR_RATE\nfrom\n(select\nACC,\nUDE_ID ,\nUDE_VALUE ,\nrank() over (partition by acc, ude_id order by ude_eff_dt desc) as r_num from ictm_acc_udevals where UDE_ID in ('DR_AUTH_RATE', 'DR_MLR_RATE')) where r_num = 1\ngroup by acc\nunion\nselect acc, max(ude_value) as Interest_rate,0 AUTH_MLR_RATE\nfrom\n(\nselect\nACC,\nUDE_VALUE ,\n rank() over (partition by acc, ude_id order by ude_eff_dt desc) as r_num\nfrom ictm_acc_udevals\nwhere UDE_ID in ('TAX_RATE', 'TD_NORM_RATE')\nand  acc in (select cust_ac_no from sttm_cust_account where account_type = 'Y')\nand ude_eff_dt <= Last_Day(Add_Months(Trunc(Sysdate), -1))\n) where r_num = 1\ngroup by acc) INT_RATE\nWHERE AC.ACCOUNT_CLASS = CA.ACCOUNT_CLASS\nAND CA.CUST_AC_NO      = CF.CUST_AC_NO (+)\nAND CA.CUST_NO         = CF.CUSTOMER_NO (+)\nAND CA.CUST_AC_NO      = CSTMS.CUST_AC_NO (+)\nAND CA.CUST_AC_NO      = CAC.CUST_AC_NO (+)\nAND CA.CUST_AC_NO      = IA.ACC (+)\nAND CA.CUST_AC_NO      = TD.TD_ACCOUNT (+)\nAND CA.CUST_AC_NO      = Acc.ACC_NUMBER(+)\nAND CA.CUST_NO         = C.CUSTOMER_NO\nand CA.CUST_AC_NO      = INT_RATE.ACC(+)\nAND C.CUSTOMER_TYPE <> 'B'\nAND CA.CCY = CR.CCY2 (+)\nAND CA.CUST_AC_NO = SM.ACC_NO(+))\ngroup by AC_OPEN_DATE, PRODUCT_CODE, PRODUCT_DESC, AC_CLASS_TYPE, ACC_STMT_CYCLE, \"STATEMENT_CALC_DAYS\", \"CHEQUE_BOOK_FACILITY\", \"STATUS\", \"AC_STAT_FROZEN\", \"OVERDRAFT_FACILITY\", \"AC_STAT_DORMANT\", \"CUST_ALT_AC_NO\", \"CURRENT_BAL\", \"AVAILABLE_BAL\", \"TOTAL_AVAILABLE_BAL\", \"LCY_CURR_BALANCE\", \"CURRENT_LIMIT\", \"LIMIT_START_DATE\", \"LIMIT_END_DATE\", \"ACCNT_REPAYMENT_AMOUNT\", \"ACCNT_REPAYMENT_FREQUENCY\", \"ACCNT_TERM_LENGTH\", \"ACCNT_REMAINING_TERM\", \"CUSTOMER_SECTOR\", \"FREE_BANKING\", \"VAT_NUMBER\", \"ACCOUNT_TURNOVER\", \"ACCNT_CLOSE_DATE\", \"CUST_ACCT_NO\", \"CUST_NO\", \"INT_START_DATE\", \"MATURITY_DATE\", \"TD_PRINCIPLE_BALANCE\", \"AMOUNT_FINANCED\", \"INT_RATE\", \"END_DATE\", \"SOURCE_SYSTEM\", \"SIGN_ON_MSG\", \"INTEREST_RATE_EFFECTIVE_DATE\", \"INTEREST_RATE_TYPE\", \"MLR\"","isFileList":false,"handleSpecialChars":false,"frsAsset":false,"dynamicFileName":false,"currentlyProcessedFileName":false,"objectName":"DUMMY_src_NonLoanAccounts","tgtObjectAttributes":{},"runtimeParameterData":{"@type":"mtTaskRuntimeParameterData","isConnectionRuntimeParameter":false,"isObjectRuntimeParameter":false},"overriddenFields":[]},{"@type":"mtTaskParameter","id":357558907,"name":"$src_Principal_balance$","type":"SOURCE","label":"src_Principal_balance","uiProperties":{"connectionParameterized":"false","objectParameterized":"false","visible":"false"},"sourceConnectionId":"@2UoLaWMyDH5d8YmAM6RKUL","sourceObject":"DUMMY_src_Principal_balance","newFlatFile":false,"newObject":false,"showBusinessNames":false,"naturalOrder":true,"truncateTarget":false,"bulkApiDBTarget":false,"customFuncCfg":{"@type":"customFuncConfig","id":-1,"connections":[],"inputMap":[],"outputFields":[]},"tgtFieldRefs":{},"targetUpdateColumns":[],"runtimeAttrs":{},"isRESTModernSource":true,"customQuery":"select account_number, OUTSTANDING as CURRENT_BAL from (select account_number, branch_code, component_name, sum(expected) expected, sum(overdue) overdue,\n       sum(expected + overdue) outstanding, sum(advance) advance ,settlement_ccy comp_ccy\nfrom (\nselect account_number, a.branch_code, component_name,  0 expected,0 overdue,nvl(sum(amount_settled),0) advance,settlement_ccy\nfrom cltb_Account_Schedules a, sttms_dates b\nWHERE a.branch_code = b.branch_code\nAND SCHEDULE_DUE_DATE > b.today\nAND nvl(SCHEDULE_FLAG,'X') <> 'M'\ngroup by account_number, a.branch_code, component_name,settlement_ccy\nunion\nselect account_number, a.branch_code, component_name,  0 expected, (sum(nvl(amount_due,0) - nvl(amount_settled,0))) overdue ,0 advance,settlement_ccy\nfrom cltb_Account_Schedules a, sttms_dates b\nWHERE a.branch_code = b.branch_code\nAND SCHEDULE_DUE_DATE < b.today\nAND nvl(SCHEDULE_FLAG,'X') <> 'M'\ngroup by account_number, a.branch_code, component_name,settlement_ccy\nunion\nselect account_number, a.branch_code, component_name, (sum(nvl(amount_due,0) - nvl(amount_settled,0))) expected, 0 overdue, 0 advance,settlement_ccy\nfrom cltb_Account_Schedules a, sttms_dates b\nWHERE a.branch_code = b.branch_code\nAND SCHEDULE_DUE_DATE >= b.today\nAND nvl(SCHEDULE_FLAG,'X') <> 'M'\ngroup by account_number, a.branch_code, component_name,settlement_ccy\n)\ngroup by account_number, branch_code, component_name,settlement_ccy\n) where COMPONENT_NAME = 'PRINCIPAL'","isFileList":false,"handleSpecialChars":false,"frsAsset":false,"dynamicFileName":false,"currentlyProcessedFileName":false,"objectName":"DUMMY_src_Principal_balance","tgtObjectAttributes":{},"runtimeParameterData":{"@type":"mtTaskRuntimeParameterData","isConnectionRuntimeParameter":false,"isObjectRuntimeParameter":false},"overriddenFields":[]},{"@type":"mtTaskParameter","id":357558910,"name":"$tgt_Accnt_details$","type":"TARGET","label":"tgt_Accnt_details","uiProperties":{"connectionParameterized":"false","objectParameterized":"false","visible":"false","defaultTargetUpdateColumns":"CUST_ACCT_NO,CUST_NO","supportApplyDDLChanges":"false"},"targetConnectionId":"@3OCXKrsIrKeikioJ6VtL2m","targetObject":"ACCNT_DETAILS","targetObjectLabel":"ACCNT_DETAILS","newFlatFile":false,"newObject":false,"showBusinessNames":false,"naturalOrder":true,"truncateTarget":false,"bulkApiDBTarget":false,"operationType":"Upsert","customFuncCfg":{"@type":"customFuncConfig","id":-1,"connections":[],"inputMap":[],"outputFields":[]},"tgtFieldRefs":{},"targetUpdateColumns":["CUST_ACCT_NO","CUST_NO"],"extendedObject":{"@type":"extendedObject","filters":[],"sortFields":[]},"runtimeAttrs":{},"isRESTModernSource":true,"isFileList":false,"handleSpecialChars":false,"frsAsset":false,"dynamicFileName":false,"currentlyProcessedFileName":false,"objectName":"ACCNT_DETAILS","objectLabel":"ACCNT_DETAILS","tgtObjectAttributes":{},"runtimeParameterData":{"@type":"mtTaskRuntimeParameterData","isConnectionRuntimeParameter":false,"isObjectRuntimeParameter":false},"overriddenFields":[]}],"sequences":[],"inOutParameters":[],"connRuntimeAttrs":[]}]